clase,precision,recall,f1-score,support
+30,0.4185068349106204,0.5299600532623169,0.46768507638072854,751.0
+60,0.5229455709711847,0.403957131079967,0.4558139534883721,1213.0
+90,0.6907407407407408,0.5734050730207533,0.626627467450651,1301.0
on_time,0.6167355371900827,0.8897168405365127,0.7284929835265406,671.0
accuracy,0.5668191056910569,0.5668191056910569,0.5668191056910569,0.5668191056910569
macro avg,0.562232170953157,0.5992597744748874,0.5696548702115731,3936.0
weighted avg,0.5744702387612226,0.5668191056910569,0.5610251384763537,3936.0
