model,accuracy_train,balanced_accuracy_train,precision_macro_train,recall_macro_train,f1_macro_train,roc_auc_ovr_weighted_train,accuracy_test,balanced_accuracy_test,precision_macro_test,recall_macro_test,f1_macro_test,roc_auc_ovr_weighted_test,gap_accuracy,gap_f1_macro
random_forest,0.9625039720368606,0.9657480823929414,0.9527802011231707,0.9657480823929414,0.9574653707369428,0.9988037748095872,0.5675813008130082,0.5903930039660371,0.5639710096091797,0.5903930039660371,0.5699059357365613,0.8190441407671935,0.3949226712238524,0.3875594350003813
logistic_regression,0.5812519860184302,0.6126393933176976,0.5749098898326652,0.6126393933176976,0.5814910398042075,0.8257466666981591,0.5668191056910569,0.5996101264461384,0.5617354121431071,0.5996101264461384,0.5695247324224695,0.8134661838805084,0.0144328803273733,0.0119663073817379
xgboost,0.7251350492532571,0.7267225722356616,0.7110417220278965,0.7267225722356616,0.7087019728094321,0.9087458728219762,0.5566565040650406,0.5769983927481135,0.548178003270702,0.5769983927481135,0.5541664899148337,0.8163389590457265,0.1684785451882164,0.1545354828945984
dummy_stratified,0.2706704798220527,0.2495970370716299,0.2496637085214186,0.2495970370716299,0.2496175775773018,0.4984422059343372,0.267530487804878,0.2468222975195869,0.2470889483636881,0.2468222975195869,0.2468276131210034,0.4964350268047462,0.0031399920171746,0.0027899644562984
dummy_most_frequent,0.3415951700031776,0.25,0.0853987925007944,0.25,0.1273093320701089,0.5,0.3305386178861789,0.25,0.0826346544715447,0.25,0.1242123353064731,0.5,0.0110565521169987,0.0030969967636357
