class_label,class_name,precision,recall,f1-score,support
0,+30,0.4197271773347324,0.5326231691078562,0.4694835680751174,751.0
1,+60,0.5251091703056768,0.3965375103050289,0.45185533114138093,1213.0
2,+90,0.6857923497267759,0.5787855495772483,0.6277615673197166,1301.0
3,on_time,0.6171310629514963,0.8912071535022354,0.7292682926829268,671.0
