model,accuracy_train,accuracy_test,f1_macro_train,f1_macro_test,gap_accuracy,gap_f1_macro
random_forest,0.9625039720368606,0.5675813008130082,0.9574653707369428,0.5699059357365613,0.3949226712238524,0.3875594350003813
logistic_regression,0.5812519860184302,0.5668191056910569,0.5814910398042075,0.5695247324224695,0.0144328803273733,0.0119663073817379
xgboost,0.7251350492532571,0.5566565040650406,0.7087019728094321,0.5541664899148337,0.1684785451882164,0.1545354828945984
dummy_stratified,0.2706704798220527,0.267530487804878,0.2496175775773018,0.2468276131210034,0.0031399920171746,0.0027899644562984
dummy_most_frequent,0.3415951700031776,0.3305386178861789,0.1273093320701089,0.1242123353064731,0.0110565521169987,0.0030969967636357
