model,accuracy_train,accuracy_test,f1_macro_train,f1_macro_test,auc_train,auc_test,gap_accuracy,gap_f1_macro,gap_auc,diagnosis
Dummy Baseline,0.341595,0.330539,0.127309,0.124212,0.5,0.5,0.011055999999999955,0.0030970000000000025,0.0,acceptable_gap
Logistic Regression,0.581443,0.567073,0.581728,0.569592,0.825738,0.813492,0.014369999999999994,0.012136000000000036,0.012245999999999979,acceptable_gap
Random Forest,1.0,0.566565,1.0,0.567604,1.0,0.811775,0.433435,0.432396,0.18822499999999998,possible_overfitting
XGBoost,0.999047,0.525661,0.998726,0.534572,0.999999,0.773219,0.473386,0.46415399999999996,0.22677999999999998,possible_overfitting
