model,accuracy_train,balanced_accuracy_train,precision_macro_train,recall_macro_train,f1_macro_train,auc_weighted_train,accuracy_test,balanced_accuracy_test,precision_macro_test,recall_macro_test,f1_macro_test,auc_weighted_test
Dummy Baseline,0.341595,0.25,0.085399,0.25,0.127309,0.5,0.330539,0.25,0.082635,0.25,0.124212,0.5
Logistic Regression,0.580807,0.612362,0.574532,0.612362,0.581049,0.825469,0.567327,0.600614,0.562215,0.600614,0.57,0.813136
Random Forest,1.0,1.0,1.0,1.0,1.0,1.0,0.571138,0.584656,0.569506,0.584656,0.572669,0.811874
XGBoost,0.999047,0.998819,0.998637,0.998819,0.998726,0.999999,0.525661,0.54369,0.528058,0.54369,0.534572,0.773219
