method,n_clusters,silhouette,davies_bouldin,calinski_harabasz,noise_ratio,n_noise,k_evaluated,inertia
KMeans_k3,3,0.4999213388684945,0.7005145810496307,152.08726829751234,0.0,0,3.0,
DBSCAN,0,,,,1.0,200,0.0,
KMeans_k2_optimal,2,0.8171051082334457,0.25918091388927467,138.14757765435968,0.0,0,2.0,
KMeans_k2_search,2,0.817105108233446,0.25918091388927467,138.14757765435968,0.0,0,2.0,7813.535281423864
KMeans_k3_search,3,0.4999213388684945,0.7005145810496307,152.08726829751234,0.0,0,3.0,5214.223011347397
KMeans_k4_search,4,0.2819474932049133,0.9834969346208672,156.31849062306355,0.0,0,4.0,3909.9921048160786
KMeans_k5_search,5,0.27601278945846563,1.08488388343321,133.56147006580025,0.0,0,5.0,3547.096471462855
