model,accuracy_train,accuracy_test,f1_macro_train,f1_macro_test,auc_train,auc_test,gap_accuracy,gap_f1_macro,gap_auc,diagnosis
Dummy Baseline,0.341595,0.330539,0.127309,0.124212,0.5,0.5,0.011055999999999955,0.0030970000000000025,0.0,acceptable_gap
Logistic Regression,0.580807,0.567327,0.581049,0.57,0.825469,0.813136,0.013479999999999936,0.011049000000000087,0.012333000000000038,acceptable_gap
Random Forest,1.0,0.571138,1.0,0.572669,1.0,0.811874,0.42886199999999997,0.427331,0.18812600000000002,possible_overfitting
XGBoost,0.999047,0.525661,0.998726,0.534572,0.999999,0.773219,0.473386,0.46415399999999996,0.22677999999999998,possible_overfitting
