,precision,recall,f1-score,support
+30,0.4306569343065693,0.31424766977363516,0.36335642802155504,751.0
+60,0.29798241076047594,0.4748557295960429,0.36617927527018435,1213.0
+90,0.5298969072164949,0.5926210607225212,0.5595065312046444,1301.0
on_time,0.0,0.0,0.0,671.0
accuracy,0.4021849593495935,0.4021849593495935,0.4021849593495935,0.4021849593495935
macro avg,0.31463406307088504,0.3454311150230498,0.32226055862409597,3936.0
weighted avg,0.34915444568225373,0.4021849593495935,0.3671174124604075,3936.0
